<?xml version="1.0" encoding="UTF-8"?>
<root>
  <item name="com.hjq.shape.drawable.ShapeDrawable com.hjq.shape.drawable.ShapeDrawable setSolidGradientOrientation(int) 0">
    <annotation name="androidx.annotation.IntDef">
      <val name="value" val="{com.hjq.shape.drawable.ShapeGradientOrientation.LEFT_TO_RIGHT, com.hjq.shape.drawable.ShapeGradientOrientation.RIGHT_TO_LEFT, com.hjq.shape.drawable.ShapeGradientOrientation.BOTTOM_TO_TOP, com.hjq.shape.drawable.ShapeGradientOrientation.TOP_TO_BOTTOM, com.hjq.shape.drawable.ShapeGradientOrientation.TOP_LEFT_TO_BOTTOM_RIGHT, com.hjq.shape.drawable.ShapeGradientOrientation.BOTTOM_LEFT_TO_TOP_RIGHT, com.hjq.shape.drawable.ShapeGradientOrientation.TOP_RIGHT_TO_BOTTOM_LEFT, com.hjq.shape.drawable.ShapeGradientOrientation.BOTTOM_RIGHT_TO_TOP_LEFT}" />
    </annotation>
  </item>
  <item name="com.hjq.shape.drawable.ShapeDrawable com.hjq.shape.drawable.ShapeDrawable setSolidGradientType(int) 0">
    <annotation name="androidx.annotation.IntDef">
      <val name="value" val="{com.hjq.shape.drawable.ShapeGradientType.LINEAR_GRADIENT, com.hjq.shape.drawable.ShapeGradientType.RADIAL_GRADIENT, com.hjq.shape.drawable.ShapeGradientType.SWEEP_GRADIENT}" />
    </annotation>
  </item>
  <item name="com.hjq.shape.drawable.ShapeDrawable com.hjq.shape.drawable.ShapeDrawable setStrokeGradientOrientation(int) 0">
    <annotation name="androidx.annotation.IntDef">
      <val name="value" val="{com.hjq.shape.drawable.ShapeGradientOrientation.LEFT_TO_RIGHT, com.hjq.shape.drawable.ShapeGradientOrientation.RIGHT_TO_LEFT, com.hjq.shape.drawable.ShapeGradientOrientation.BOTTOM_TO_TOP, com.hjq.shape.drawable.ShapeGradientOrientation.TOP_TO_BOTTOM, com.hjq.shape.drawable.ShapeGradientOrientation.TOP_LEFT_TO_BOTTOM_RIGHT, com.hjq.shape.drawable.ShapeGradientOrientation.BOTTOM_LEFT_TO_TOP_RIGHT, com.hjq.shape.drawable.ShapeGradientOrientation.TOP_RIGHT_TO_BOTTOM_LEFT, com.hjq.shape.drawable.ShapeGradientOrientation.BOTTOM_RIGHT_TO_TOP_LEFT}" />
    </annotation>
  </item>
  <item name="com.hjq.shape.drawable.ShapeDrawable com.hjq.shape.drawable.ShapeDrawable setType(int) 0">
    <annotation name="androidx.annotation.IntDef">
      <val name="value" val="{com.hjq.shape.drawable.ShapeType.RECTANGLE, com.hjq.shape.drawable.ShapeType.OVAL, com.hjq.shape.drawable.ShapeType.LINE, com.hjq.shape.drawable.ShapeType.RING}" />
    </annotation>
  </item>
  <item name="com.hjq.shape.drawable.ShapeGradientOrientationLimit">
    <annotation name="androidx.annotation.IntDef">
      <val name="value" val="{com.hjq.shape.drawable.ShapeGradientOrientation.LEFT_TO_RIGHT, com.hjq.shape.drawable.ShapeGradientOrientation.RIGHT_TO_LEFT, com.hjq.shape.drawable.ShapeGradientOrientation.BOTTOM_TO_TOP, com.hjq.shape.drawable.ShapeGradientOrientation.TOP_TO_BOTTOM, com.hjq.shape.drawable.ShapeGradientOrientation.TOP_LEFT_TO_BOTTOM_RIGHT, com.hjq.shape.drawable.ShapeGradientOrientation.BOTTOM_LEFT_TO_TOP_RIGHT, com.hjq.shape.drawable.ShapeGradientOrientation.TOP_RIGHT_TO_BOTTOM_LEFT, com.hjq.shape.drawable.ShapeGradientOrientation.BOTTOM_RIGHT_TO_TOP_LEFT}" />
    </annotation>
  </item>
  <item name="com.hjq.shape.drawable.ShapeGradientTypeLimit">
    <annotation name="androidx.annotation.IntDef">
      <val name="value" val="{com.hjq.shape.drawable.ShapeGradientType.LINEAR_GRADIENT, com.hjq.shape.drawable.ShapeGradientType.RADIAL_GRADIENT, com.hjq.shape.drawable.ShapeGradientType.SWEEP_GRADIENT}" />
    </annotation>
  </item>
  <item name="com.hjq.shape.drawable.ShapeState shapeType">
    <annotation name="androidx.annotation.IntDef">
      <val name="value" val="{com.hjq.shape.drawable.ShapeType.RECTANGLE, com.hjq.shape.drawable.ShapeType.OVAL, com.hjq.shape.drawable.ShapeType.LINE, com.hjq.shape.drawable.ShapeType.RING}" />
    </annotation>
  </item>
  <item name="com.hjq.shape.drawable.ShapeState solidGradientOrientation">
    <annotation name="androidx.annotation.IntDef">
      <val name="value" val="{com.hjq.shape.drawable.ShapeGradientOrientation.LEFT_TO_RIGHT, com.hjq.shape.drawable.ShapeGradientOrientation.RIGHT_TO_LEFT, com.hjq.shape.drawable.ShapeGradientOrientation.BOTTOM_TO_TOP, com.hjq.shape.drawable.ShapeGradientOrientation.TOP_TO_BOTTOM, com.hjq.shape.drawable.ShapeGradientOrientation.TOP_LEFT_TO_BOTTOM_RIGHT, com.hjq.shape.drawable.ShapeGradientOrientation.BOTTOM_LEFT_TO_TOP_RIGHT, com.hjq.shape.drawable.ShapeGradientOrientation.TOP_RIGHT_TO_BOTTOM_LEFT, com.hjq.shape.drawable.ShapeGradientOrientation.BOTTOM_RIGHT_TO_TOP_LEFT}" />
    </annotation>
  </item>
  <item name="com.hjq.shape.drawable.ShapeState solidGradientType">
    <annotation name="androidx.annotation.IntDef">
      <val name="value" val="{com.hjq.shape.drawable.ShapeGradientType.LINEAR_GRADIENT, com.hjq.shape.drawable.ShapeGradientType.RADIAL_GRADIENT, com.hjq.shape.drawable.ShapeGradientType.SWEEP_GRADIENT}" />
    </annotation>
  </item>
  <item name="com.hjq.shape.drawable.ShapeState strokeGradientOrientation">
    <annotation name="androidx.annotation.IntDef">
      <val name="value" val="{com.hjq.shape.drawable.ShapeGradientOrientation.LEFT_TO_RIGHT, com.hjq.shape.drawable.ShapeGradientOrientation.RIGHT_TO_LEFT, com.hjq.shape.drawable.ShapeGradientOrientation.BOTTOM_TO_TOP, com.hjq.shape.drawable.ShapeGradientOrientation.TOP_TO_BOTTOM, com.hjq.shape.drawable.ShapeGradientOrientation.TOP_LEFT_TO_BOTTOM_RIGHT, com.hjq.shape.drawable.ShapeGradientOrientation.BOTTOM_LEFT_TO_TOP_RIGHT, com.hjq.shape.drawable.ShapeGradientOrientation.TOP_RIGHT_TO_BOTTOM_LEFT, com.hjq.shape.drawable.ShapeGradientOrientation.BOTTOM_RIGHT_TO_TOP_LEFT}" />
    </annotation>
  </item>
  <item name="com.hjq.shape.drawable.ShapeTypeLimit">
    <annotation name="androidx.annotation.IntDef">
      <val name="value" val="{com.hjq.shape.drawable.ShapeType.RECTANGLE, com.hjq.shape.drawable.ShapeType.OVAL, com.hjq.shape.drawable.ShapeType.LINE, com.hjq.shape.drawable.ShapeType.RING}" />
    </annotation>
  </item>
</root>

